wordpair_id,gameID,In-In,In-Out,Out-In,Out-Out,Acc,ClueFinal
bowl-sun,454955-472987,0,1,1,2,0,acai
cave-knight,454955-472987,1,1,1,0,0,mysterious
glow-quick,454955-472987,1,1,1,0,0,firefly
gold-silver,454955-472987,2,0,1,0,1,jewelry
oak-tree,454955-472987,2,0,1,0,1,forest
ankle-travel,455383-451866,0,1,1,1,0,runner
army-drum,455383-451866,2,0,1,0,1,marching
ash-snake,455383-451866,1,1,1,0,0,reptile
bet-dream,455383-451866,0,1,1,1,0,goal
birth-hand,455383-451866,2,0,1,0,0,OBGYN
bone-garage,455383-451866,2,0,1,0,0,car
boot-crust,455383-451866,0,1,2,0,1,dirty
bowl-sun,455383-451866,1,1,1,0,0,round
cage-glass,455383-451866,0,1,1,1,0,oppression
candle-wick,455383-451866,0,1,2,0,1,ignite
cave-knight,455383-451866,1,1,1,0,0,medieval
chair-table,455383-451866,0,1,2,0,1,furniture
chapel-feet,455383-451866,0,1,1,1,0,catholic
east-short,455383-451866,1,1,1,0,0,compass
elm-rock,455383-451866,2,0,1,0,0,nature
giant-subtle,455383-451866,0,1,1,1,0,huge
glow-quick,455383-451866,2,0,1,0,0,light
gold-silver,455383-451866,2,0,1,0,1,valuable
gums-teeth,455383-451866,0,1,1,1,1,oral
happy-sad,455383-451866,1,1,1,0,1,emotions
holy-kind,455383-451866,1,1,1,0,1,Jesus
jump-leap,455383-451866,0,1,1,1,0,hopscotch
lion-tiger,455383-451866,1,1,1,0,0,carnivores
new-old,455383-451866,0,1,1,1,1,phone
oak-tree,455383-451866,0,1,2,0,1,plant
olive-real,455383-451866,2,0,1,0,0,oil
regret-rude,455383-451866,1,1,1,0,1,disrespectful
sit-stand,455383-451866,0,1,1,1,1,waiting
stern-wind,455383-451866,0,1,2,0,0,strong
trauma-weird,455383-451866,0,1,2,0,0,painful
ankle-travel,455606-490832,0,1,1,1,0,feet
army-drum,455606-490832,0,1,2,0,1,war
ash-snake,455606-490832,1,1,1,1,0,gray
bet-dream,455606-490832,0,1,1,1,0,wishes
birth-hand,455606-490832,2,0,1,0,0,human
bone-garage,455606-490832,0,1,2,0,0,dog
boot-crust,455606-490832,0,1,1,1,0,dirt
bowl-sun,455606-490832,0,1,2,0,1,spherical
cage-glass,455606-490832,0,1,1,1,0,enclosure
candle-wick,455606-490832,2,0,1,0,0,burn
cave-knight,455606-490832,0,1,1,1,1,dark
chair-table,455606-490832,0,1,1,1,1,furniture
chapel-feet,455606-490832,1,1,1,0,0,walk
east-short,455606-490832,1,1,1,0,0,directions
elm-rock,455606-490832,1,1,1,0,0,hard
giant-subtle,455606-490832,2,0,1,0,0,gentle
glow-quick,455606-490832,0,1,2,0,0,makeup
gold-silver,455606-490832,2,0,1,0,0,elements
gums-teeth,455606-490832,0,1,2,0,1,mouth
happy-sad,455606-490832,0,1,1,1,1,emotions
holy-kind,455606-490832,0,1,1,1,0,saint
jump-leap,455606-490832,0,1,2,0,1,motion
lion-tiger,455606-490832,2,0,1,0,1,cats
new-old,455606-490832,0,1,1,1,1,conditions
oak-tree,455606-490832,0,1,2,0,1,plant
olive-real,455606-490832,0,1,2,0,0,plant
regret-rude,455606-490832,1,1,1,0,1,mean
sit-stand,455606-490832,2,0,1,0,1,position
stern-wind,455606-490832,2,0,1,0,0,harsh
trauma-weird,455606-490832,1,1,1,0,0,harm
ankle-travel,455664-456812,0,1,1,1,0,plane
army-drum,455664-456812,0,1,1,1,0,colonizer
ash-snake,455664-456812,0,1,1,1,0,reptile
bet-dream,455664-456812,2,0,1,0,0,lottery
birth-hand,455664-456812,1,1,1,0,0,doula
bone-garage,455664-456812,1,1,1,0,1,chicken
boot-crust,455664-456812,2,0,1,0,1,shoe pie
bowl-sun,455664-456812,1,1,1,0,0,circle
cage-glass,455664-456812,1,1,1,0,0,bird
candle-wick,455664-456812,0,1,1,1,1,fire
cave-knight,455664-456812,0,1,1,1,0,batman
chair-table,455664-456812,0,1,1,1,1,furniture
chapel-feet,455664-456812,1,1,1,0,1,church
east-short,455664-456812,0,1,1,1,1,west
elm-rock,455664-456812,1,1,1,0,0,stone
giant-subtle,455664-456812,0,1,2,0,0,lowkey
glow-quick,455664-456812,2,0,1,0,0,golden
gold-silver,455664-456812,1,1,1,0,1,jewelry
gums-teeth,455664-456812,0,1,1,1,1,dentist
happy-sad,455664-456812,0,1,2,0,1,emotions
holy-kind,455664-456812,1,1,1,0,1,Jesus
jump-leap,455664-456812,0,1,1,1,0,track
lion-tiger,455664-456812,1,1,1,0,0,wild
new-old,455664-456812,1,1,1,0,0,testaments
oak-tree,455664-456812,2,0,1,0,1,branch
olive-real,455664-456812,2,0,1,0,0,grape
regret-rude,455664-456812,0,1,2,0,1,guilt
sit-stand,455664-456812,0,1,1,1,0,opposite
stern-wind,455664-456812,0,1,1,1,0,ship
trauma-weird,455664-456812,0,1,1,1,0,emotional
ankle-travel,457037-457239,1,1,1,0,1,basketball
army-drum,457037-457239,0,1,1,1,1,boom
ash-snake,457037-457239,0,1,2,0,0,Voldemort
bet-dream,457037-457239,0,1,1,1,0,school
birth-hand,457037-457239,0,1,2,0,0,baby
bone-garage,457037-457239,0,1,1,1,0,car
boot-crust,457037-457239,1,1,1,0,1,muddy
bowl-sun,457037-457239,1,1,1,0,0,round
cage-glass,457037-457239,1,1,1,0,1,fishbowl
candle-wick,457037-457239,2,0,1,0,1,scented
cave-knight,457037-457239,0,1,1,1,0,batman
chair-table,457037-457239,0,1,2,0,1,furniture
chapel-feet,457037-457239,0,1,1,1,1,mosque
east-short,457037-457239,0,1,2,0,1,Delaware
elm-rock,457037-457239,0,1,1,1,0,mountains
giant-subtle,457037-457239,0,1,1,1,0,Kareem
glow-quick,457037-457239,0,1,1,1,0,puberty
gold-silver,457037-457239,1,1,1,0,1,jewelry
gums-teeth,457037-457239,0,1,2,0,1,mouth
happy-sad,457037-457239,0,1,2,0,1,emotions
holy-kind,457037-457239,0,1,2,0,1,saint
jump-leap,457037-457239,0,1,1,1,1,hop
lion-tiger,457037-457239,0,1,1,1,1,predator
new-old,457037-457239,0,1,1,1,0,vintage
oak-tree,457037-457239,1,1,1,0,1,wood
olive-real,457037-457239,0,1,1,1,0,green
regret-rude,457037-457239,1,1,1,0,1,rancor
sit-stand,457037-457239,1,1,1,0,1,squat
stern-wind,457037-457239,2,0,1,0,0,strict
trauma-weird,457037-457239,0,1,1,1,0,bully
ankle-travel,457425-475416,2,0,1,0,1,foot
army-drum,457425-475416,2,0,1,0,1,military
ash-snake,457425-475416,2,0,1,0,1,reptile
bet-dream,457425-475416,0,1,2,0,1,goal
birth-hand,457425-475416,2,0,1,0,1,fingers
bone-garage,457425-475416,1,1,1,0,1,shed
boot-crust,457425-475416,2,0,1,0,1,dirty
bowl-sun,457425-475416,0,1,1,1,1,warm
cage-glass,457425-475416,0,1,1,1,1,bird
candle-wick,457425-475416,1,1,1,0,1,burn
cave-knight,457425-475416,0,1,1,1,1,soldier
chair-table,457425-475416,0,1,1,1,1,dining
chapel-feet,457425-475416,1,1,1,0,1,church
east-short,457425-475416,1,1,1,0,1,small
elm-rock,457425-475416,2,0,1,0,1,solid
giant-subtle,457425-475416,0,1,1,1,1,noticeable
glow-quick,457425-475416,1,1,1,0,0,light
gold-silver,457425-475416,1,1,1,0,1,bronze
gums-teeth,457425-475416,2,0,1,0,1,mouth
happy-sad,457425-475416,1,1,1,0,1,mood
holy-kind,457425-475416,0,1,1,1,1,angel
jump-leap,457425-475416,0,1,2,0,1,hop
lion-tiger,457425-475416,0,1,2,0,1,cats
new-old,457425-475416,1,1,1,0,0,condition
oak-tree,457425-475416,2,0,1,0,1,wood
olive-real,457425-475416,0,1,2,0,1,authentic
regret-rude,457425-475416,0,1,2,0,0,unfortunate
sit-stand,457425-475416,0,1,1,1,1,position
stern-wind,457425-475416,1,1,1,0,1,sailing
trauma-weird,457425-475416,2,0,1,0,0,traffic
ankle-travel,457520-487881,0,1,1,1,0,move
army-drum,457520-487881,1,1,1,0,0,band
ash-snake,457520-487881,1,1,1,0,0,slither
bet-dream,457520-487881,1,1,1,0,0,win
birth-hand,457520-487881,0,1,1,1,1,body
bone-garage,457520-487881,0,1,2,0,0,body
boot-crust,457520-487881,1,1,1,0,0,step
bowl-sun,457520-487881,1,1,1,0,0,salad
cage-glass,457520-487881,1,1,1,0,1,enclosed
candle-wick,457520-487881,1,1,1,0,1,fire
cave-knight,457520-487881,0,1,1,1,0,dark
chair-table,457520-487881,0,1,2,0,1,furniture
chapel-feet,457520-487881,1,1,1,0,0,prayer
east-short,457520-487881,2,0,1,0,0,direction
elm-rock,457520-487881,2,0,1,0,0,nature
giant-subtle,457520-487881,0,1,1,1,0,size
glow-quick,457520-487881,2,0,1,0,0,bright
gold-silver,457520-487881,1,1,1,0,1,valuable
gums-teeth,457520-487881,0,1,1,1,1,dentist
happy-sad,457520-487881,1,1,1,0,1,feeling
holy-kind,457520-487881,1,1,1,0,0,religious
jump-leap,457520-487881,2,0,1,0,1,height
lion-tiger,457520-487881,1,1,1,0,0,animal
new-old,457520-487881,1,1,1,0,0,age
oak-tree,457520-487881,0,1,2,0,1,plant
olive-real,457520-487881,0,1,2,0,0,food
regret-rude,457520-487881,0,1,2,0,0,mean
sit-stand,457520-487881,1,1,1,0,0,opposite
stern-wind,457520-487881,0,1,1,1,0,sailing
trauma-weird,457520-487881,2,0,1,0,0,unpleasant
ankle-travel,457564-463955,0,1,1,1,0,walking
army-drum,457564-463955,2,0,1,0,0,band
ash-snake,457564-463955,0,1,1,1,0,cremation
bet-dream,457564-463955,0,1,1,1,0,chance
birth-hand,457564-463955,1,1,1,0,0,gynecologist
bone-garage,457564-463955,0,1,1,1,0,calcium
boot-crust,457564-463955,2,0,1,0,0,shoe
bowl-sun,457564-463955,0,1,2,0,0,cereal
cage-glass,457564-463955,0,1,2,0,0,zoo
candle-wick,457564-463955,2,0,1,0,1,wax
cave-knight,457564-463955,0,1,2,0,0,quest
chair-table,457564-463955,0,1,2,0,1,dining
chapel-feet,457564-463955,2,0,1,0,0,church
east-short,457564-463955,1,1,1,0,0,direction
elm-rock,457564-463955,0,1,2,0,0,forest
giant-subtle,457564-463955,0,1,2,0,0,ironic
glow-quick,457564-463955,2,0,1,0,1,spark
gold-silver,457564-463955,0,1,1,1,1,metals
gums-teeth,457564-463955,0,1,1,1,1,floss
happy-sad,457564-463955,0,1,2,0,1,emotions
holy-kind,457564-463955,0,1,2,0,1,church
jump-leap,457564-463955,0,1,1,1,1,elevate
lion-tiger,457564-463955,0,1,1,1,1,cat
new-old,457564-463955,0,1,1,1,1,opposites
oak-tree,457564-463955,0,2,2,0,1,plant
olive-real,457564-463955,0,1,1,1,0,genuine
regret-rude,457564-463955,0,1,1,1,1,mean
sit-stand,457564-463955,0,1,2,0,0,vertical
stern-wind,457564-463955,0,1,1,1,0,ship
trauma-weird,457564-463955,0,1,1,1,1,triggering
ankle-travel,458120-464965,1,1,1,0,0,hike
army-drum,458120-464965,2,0,1,0,1,marching
ash-snake,458120-464965,0,1,1,1,0,underworld
bet-dream,458120-464965,0,1,1,1,0,goal
birth-hand,458120-464965,1,1,1,0,1,give
bone-garage,458120-464965,0,1,1,1,0,dog
boot-crust,458120-464965,2,0,1,0,0,mud
bowl-sun,458120-464965,2,0,1,0,1,round
cage-glass,458120-464965,1,1,1,0,1,enclosure
candle-wick,458120-464965,2,0,1,0,1,flame
cave-knight,458120-464965,0,1,2,0,1,dragon
chair-table,458120-464965,0,1,2,0,1,dinner
chapel-feet,458120-464965,0,1,1,1,1,baptism
east-short,458120-464965,0,1,1,1,0,direction
elm-rock,458120-464965,1,1,1,0,0,forest
giant-subtle,458120-464965,0,1,1,1,0,stalk
glow-quick,458120-464965,1,1,1,0,0,shooting star
gold-silver,458120-464965,0,1,2,0,1,metal
gums-teeth,458120-464965,2,0,1,0,1,dentist
happy-sad,458120-464965,0,1,2,0,1,emotion
holy-kind,458120-464965,2,0,1,0,0,Jesus
jump-leap,458120-464965,0,1,1,1,1,skip
lion-tiger,458120-464965,1,1,1,0,1,cats
new-old,458120-464965,0,1,1,1,1,edition
oak-tree,458120-464965,1,1,1,0,0,arbor
olive-real,458120-464965,2,0,1,0,0,tree
regret-rude,458120-464965,0,1,1,1,1,offend
sit-stand,458120-464965,1,1,1,0,0,wait
stern-wind,458120-464965,1,1,1,0,0,sailboat
trauma-weird,458120-464965,0,1,1,1,0,unexpected
ankle-travel,458387-458129,0,1,1,1,0,walking
army-drum,458387-458129,1,1,1,0,1,march
ash-snake,458387-458129,0,1,1,2,0,deadly
bet-dream,458387-458129,0,1,2,0,0,risky
birth-hand,458387-458129,0,1,1,1,0,bless
bone-garage,458387-458129,1,1,1,0,0,door
boot-crust,458387-458129,2,0,1,0,0,foot
bowl-sun,458387-458129,0,1,2,0,0,hot
cage-glass,458387-458129,0,1,1,1,0,surface
candle-wick,458387-458129,2,0,1,0,1,lighter
cave-knight,458387-458129,0,1,2,0,1,dark
chair-table,458387-458129,1,1,1,0,1,dining
chapel-feet,458387-458129,0,1,1,1,0,pray
east-short,458387-458129,1,1,1,0,0,direction
elm-rock,458387-458129,2,0,1,0,0,earth
giant-subtle,458387-458129,1,1,1,0,0,extremes
glow-quick,458387-458129,0,1,2,0,0,rapid
gold-silver,458387-458129,0,1,2,0,1,currency
gums-teeth,458387-458129,1,1,1,0,1,mouth
happy-sad,458387-458129,1,1,1,0,1,emotions
holy-kind,458387-458129,1,1,1,0,0,nice
jump-leap,458387-458129,1,1,1,0,0,up
lion-tiger,458387-458129,1,1,1,0,1,predators
new-old,458387-458129,0,1,2,0,0,time
oak-tree,458387-458129,1,1,1,0,0,plant
olive-real,458387-458129,0,1,1,1,0,oil
regret-rude,458387-458129,1,1,1,0,0,bad
sit-stand,458387-458129,0,1,1,1,0,floor
stern-wind,458387-458129,0,1,1,1,1,harsh
trauma-weird,458387-458129,0,1,1,1,0,pain
ankle-travel,463818-486590,2,0,1,0,0,vacation
army-drum,463818-486590,2,0,1,0,1,marching
ash-snake,463818-486590,0,1,2,0,0,twisty
bet-dream,463818-486590,1,1,1,0,0,gamble
birth-hand,463818-486590,0,1,1,1,0,baby
bone-garage,463818-486590,1,1,1,0,0,car
boot-crust,463818-486590,1,1,1,0,0,clump
bowl-sun,463818-486590,0,1,1,1,1,round
cage-glass,463818-486590,0,1,1,1,0,entrap
candle-wick,463818-486590,1,1,1,0,1,light
cave-knight,463818-486590,1,1,1,0,0,medieval
chair-table,463818-486590,0,1,2,0,1,dining
chapel-feet,463818-486590,0,1,1,1,0,vertical
east-short,463818-486590,0,1,1,1,0,direction
elm-rock,463818-486590,2,0,1,0,0,mineral
giant-subtle,463818-486590,2,0,1,0,0,discreet
glow-quick,463818-486590,2,0,1,0,0,lighter
gold-silver,463818-486590,2,0,1,0,1,metals
gums-teeth,463818-486590,0,1,2,0,1,mouth
happy-sad,463818-486590,2,0,1,0,1,emotions
holy-kind,463818-486590,0,1,2,0,1,morals
jump-leap,463818-486590,2,0,1,0,1,bounce
lion-tiger,463818-486590,2,0,1,0,1,jungle
new-old,463818-486590,1,1,1,0,0,time
oak-tree,463818-486590,1,1,1,0,1,forest
olive-real,463818-486590,0,1,1,1,0,food
regret-rude,463818-486590,2,0,1,0,1,negative
sit-stand,463818-486590,2,0,1,0,0,desks
stern-wind,463818-486590,2,0,1,0,0,boats
trauma-weird,463818-486590,1,1,1,0,0,unusual
ankle-travel,463852-487338,2,2,2,0,1,boots
ash-snake,463852-487338,0,2,2,1,0,poisonous
bet-dream,463852-487338,1,1,1,0,0,win
birth-hand,463852-487338,1,1,1,0,0,hold
boot-crust,463852-487338,1,1,1,0,0,dirty
bowl-sun,463852-487338,0,1,1,1,0,ice cream
cage-glass,463852-487338,0,1,2,0,1,aquarium
cave-knight,463852-487338,1,1,1,0,1,medieval
east-short,463852-487338,2,0,1,0,0,drive
elm-rock,463852-487338,0,1,2,1,0,elk
glow-quick,463852-487338,2,0,1,0,1,spark
gold-silver,463852-487338,0,1,1,1,1,bronze
gums-teeth,463852-487338,1,1,1,0,1,mouth
happy-sad,463852-487338,0,1,1,1,1,emotion
holy-kind,463852-487338,0,1,1,1,1,commandments
jump-leap,463852-487338,0,1,2,0,1,hop
lion-tiger,463852-487338,0,1,1,1,1,cat
new-old,463852-487338,0,1,1,1,0,or
oak-tree,463852-487338,2,0,1,0,0,maple
regret-rude,463852-487338,1,1,1,0,1,mistake
sit-stand,463852-487338,2,0,1,0,1,legs
stern-wind,463852-487338,0,1,1,1,0,cereal
ankle-travel,463890-465862,2,0,1,0,0,arrest
army-drum,463890-465862,0,1,2,0,1,march
ash-snake,463890-465862,1,1,1,0,0,dangerous
bet-dream,463890-465862,0,1,1,1,0,uncertain
birth-hand,463890-465862,0,1,1,1,0,delivery
bone-garage,463890-465862,0,1,1,1,0,storage
boot-crust,463890-465862,1,1,1,0,1,dirty
bowl-sun,463890-465862,0,1,1,1,0,round
cage-glass,463890-465862,2,1,1,0,0,barrier
candle-wick,463890-465862,1,1,1,0,1,burn
cave-knight,463890-465862,1,1,1,0,0,dungeon
chair-table,463890-465862,1,1,1,0,0,furniture
chapel-feet,463890-465862,0,1,2,0,0,choir
east-short,463890-465862,1,1,1,0,0,Tennessee
elm-rock,463890-465862,0,1,2,1,0,nature
giant-subtle,463890-465862,0,1,1,1,0,gentle
glow-quick,463890-465862,0,1,2,1,0,firework
gold-silver,463890-465862,2,0,1,0,1,metal
gums-teeth,463890-465862,1,1,1,0,1,mouth
happy-sad,463890-465862,1,1,1,0,1,emotion
holy-kind,463890-465862,0,2,2,0,0,upright
jump-leap,463890-465862,0,1,2,0,1,hop
lion-tiger,463890-465862,1,1,2,0,1,feline
new-old,463890-465862,1,1,1,0,1,time
oak-tree,463890-465862,1,1,1,0,1,plants
olive-real,463890-465862,0,1,1,1,0,sustenance
regret-rude,463890-465862,0,1,1,1,1,negative
sit-stand,463890-465862,0,1,1,2,1,legs
stern-wind,463890-465862,0,2,2,0,0,unseeable
trauma-weird,463890-465862,0,1,1,2,0,adolescence
ankle-travel,463946-472824,0,1,1,1,0,walk
army-drum,463946-472824,0,1,1,1,0,march
ash-snake,463946-472824,2,2,2,0,0,medusa
bet-dream,463946-472824,2,1,1,0,0,aspiration
birth-hand,463946-472824,0,2,2,2,0,contractions
bone-garage,463946-472824,3,0,1,0,0,dog
boot-crust,463946-472824,2,1,2,0,0,foot
bowl-sun,463946-472824,2,1,1,0,0,spherical
cage-glass,463946-472824,1,2,2,1,1,Petco
candle-wick,463946-472824,1,1,2,0,0,cake
cave-knight,463946-472824,1,1,1,1,0,medieval
chair-table,463946-472824,1,2,2,1,1,dining
chapel-feet,463946-472824,0,1,2,1,0,heels
east-short,463946-472824,0,1,1,1,0,direction
elm-rock,463946-472824,0,2,2,0,0,garden
giant-subtle,463946-472824,0,1,1,1,0,extremes
glow-quick,463946-472824,1,1,2,0,0,firework
gold-silver,463946-472824,1,1,2,0,0,jewelry
gums-teeth,463946-472824,1,1,1,0,1,dentist
happy-sad,463946-472824,1,1,1,0,1,emotions
holy-kind,463946-472824,3,0,1,0,0,god
jump-leap,463946-472824,0,1,1,1,1,high
lion-tiger,463946-472824,0,1,1,1,1,cat
new-old,463946-472824,1,1,1,1,0,replace
oak-tree,463946-472824,1,1,1,0,1,leaves
olive-real,463946-472824,1,1,1,0,0,natural
regret-rude,463946-472824,0,1,1,1,1,mean
sit-stand,463946-472824,0,1,1,1,1,chair
stern-wind,463946-472824,1,1,2,0,0,extreme
trauma-weird,463946-472824,0,1,2,1,0,war
ankle-travel,463960-455649,1,1,1,0,0,walk
army-drum,463960-455649,1,1,1,2,1,march
ash-snake,463960-455649,1,2,2,0,0,dangerous
bet-dream,463960-455649,1,1,1,0,0,speculate
birth-hand,463960-455649,0,1,1,1,1,deliver
boot-crust,463960-455649,0,1,1,1,0,bottom
bowl-sun,463960-455649,1,1,1,0,1,round
cage-glass,463960-455649,0,1,1,3,0,tank
candle-wick,463960-455649,0,1,1,2,1,fire
cave-knight,463960-455649,0,1,2,0,0,intimidating
east-short,463960-455649,0,1,1,2,0,direction
elm-rock,463960-455649,2,0,1,0,0,forest
giant-subtle,463960-455649,0,2,2,0,0,nimble
glow-quick,463960-455649,2,0,1,0,0,flash
gold-silver,463960-455649,3,1,1,0,1,metal
gums-teeth,463960-455649,2,2,2,0,1,mouth
happy-sad,463960-455649,1,1,1,0,1,emotions
holy-kind,463960-455649,2,1,2,0,0,righteous
jump-leap,463960-455649,1,1,2,0,1,hop
lion-tiger,463960-455649,0,1,1,1,1,cat
new-old,463960-455649,0,1,1,1,1,age
oak-tree,463960-455649,2,1,2,0,1,plant
olive-real,463960-455649,2,0,1,0,0,organic
regret-rude,463960-455649,2,0,1,0,1,unpleasant
sit-stand,463960-455649,1,1,1,1,1,legs
stern-wind,463960-455649,0,1,1,1,1,harsh
ankle-travel,464103-465376,0,1,1,3,0,jogging
army-drum,464103-465376,0,1,1,1,1,marching
ash-snake,464103-465376,0,1,1,1,1,flakes
bet-dream,464103-465376,1,1,2,0,1,lottery
birth-hand,464103-465376,2,0,1,0,0,labor
boot-crust,464103-465376,1,1,1,1,0,dirty
bowl-sun,464103-465376,0,1,2,0,0,round
cage-glass,464103-465376,0,1,1,1,0,see-through
candle-wick,464103-465376,2,0,1,0,1,flame
cave-knight,464103-465376,0,1,1,2,0,mysterious
east-short,464103-465376,0,1,2,0,0,south
elm-rock,464103-465376,1,1,1,0,0,marsh
giant-subtle,464103-465376,0,1,2,0,1,gentle
glow-quick,464103-465376,0,1,1,2,1,firefly
gold-silver,464103-465376,2,1,1,0,1,metals
gums-teeth,464103-465376,2,1,1,0,1,mouth
happy-sad,464103-465376,0,1,1,1,1,emotions
holy-kind,464103-465376,0,2,2,0,0,commandments
jump-leap,464103-465376,1,1,1,1,1,hop
lion-tiger,464103-465376,1,1,2,0,1,tail
new-old,464103-465376,1,1,1,0,0,time
oak-tree,464103-465376,0,1,2,1,1,sapling
olive-real,464103-465376,2,0,1,0,0,raw
regret-rude,464103-465376,1,1,1,0,1,bad
sit-stand,464103-465376,1,1,1,0,1,positions
stern-wind,464103-465376,1,1,1,0,1,sailboat
ankle-travel,464255-486078,2,0,1,0,0,basketball
army-drum,464255-486078,0,1,2,0,1,bang
ash-snake,464255-486078,0,1,1,1,0,danger
bet-dream,464255-486078,0,1,1,1,0,think
birth-hand,464255-486078,2,0,1,0,0,newborn
boot-crust,464255-486078,1,1,1,0,0,feet
bowl-sun,464255-486078,1,1,1,0,0,circular
cage-glass,464255-486078,0,1,1,1,0,fragile
cave-knight,464255-486078,0,1,1,1,0,dark
east-short,464255-486078,0,1,2,0,0,direction
elm-rock,464255-486078,1,1,1,0,0,tree
giant-subtle,464255-486078,2,0,1,0,0,elusive
glow-quick,464255-486078,1,1,1,0,0,flash
gold-silver,464255-486078,1,1,1,0,1,metal
gums-teeth,464255-486078,2,0,1,0,1,mouth
happy-sad,464255-486078,1,1,1,0,1,bipolar
holy-kind,464255-486078,0,1,2,0,0,religious
jump-leap,464255-486078,1,1,1,0,1,frog
lion-tiger,464255-486078,0,1,2,0,1,cat
new-old,464255-486078,0,1,1,1,0,ancient
oak-tree,464255-486078,1,1,1,0,1,plant
regret-rude,464255-486078,0,1,2,0,1,mean
sit-stand,464255-486078,2,0,1,0,0,chair
stern-wind,464255-486078,0,1,1,1,0,cold
ankle-travel,464313-456825,0,1,1,1,1,mobility
ash-snake,464313-456825,0,1,1,1,0,molting
bet-dream,464313-456825,0,1,1,1,0,neuroactive
birth-hand,464313-456825,0,1,1,1,1,hold
boot-crust,464313-456825,1,1,1,0,0,mud
bowl-sun,464313-456825,0,1,1,1,0,round
cage-glass,464313-456825,0,1,2,1,0,windowless
cave-knight,464313-456825,0,1,2,0,0,batman
east-short,464313-456825,0,1,2,0,0,directional
elm-rock,464313-456825,1,1,1,0,0,nature
glow-quick,464313-456825,0,1,1,1,0,flash
gold-silver,464313-456825,0,1,1,1,1,currency
gums-teeth,464313-456825,1,1,1,0,1,toothbrush
happy-sad,464313-456825,1,1,1,0,1,feelings
holy-kind,464313-456825,2,0,1,0,1,virtues
jump-leap,464313-456825,0,1,1,1,1,springboard
lion-tiger,464313-456825,1,1,1,0,1,feral
new-old,464313-456825,0,1,1,1,1,generations
oak-tree,464313-456825,2,0,1,0,1,wood
regret-rude,464313-456825,0,1,1,1,0,unpleasant
sit-stand,464313-456825,0,1,2,0,1,posture
stern-wind,464313-456825,1,1,1,0,1,sail
ankle-travel,464439-476054,0,1,2,0,0,foot
army-drum,464439-476054,2,0,1,0,1,march
ash-snake,464439-476054,1,1,1,0,0,venom
bet-dream,464439-476054,2,0,1,0,0,Vegas
birth-hand,464439-476054,0,2,2,1,0,baby
bone-garage,464439-476054,0,2,2,0,0,murder
boot-crust,464439-476054,2,1,1,1,0,timberlands
bowl-sun,464439-476054,2,0,1,0,0,circular
cage-glass,464439-476054,0,2,2,2,0,shard
candle-wick,464439-476054,0,1,1,1,1,fire
cave-knight,464439-476054,2,0,1,0,0,brave
chair-table,464439-476054,2,0,1,0,1,furniture
chapel-feet,464439-476054,0,1,2,0,1,kneel
east-short,464439-476054,1,1,1,0,0,directions
elm-rock,464439-476054,0,1,2,0,0,moss
giant-subtle,464439-476054,1,1,1,0,0,BFG
glow-quick,464439-476054,1,1,2,0,0,lightning
gold-silver,464439-476054,2,0,1,0,1,metals
gums-teeth,464439-476054,1,1,1,0,1,mouth
happy-sad,464439-476054,1,1,1,0,1,emotions
holy-kind,464439-476054,1,1,1,0,1,pastor
jump-leap,464439-476054,0,1,1,1,1,frolic
lion-tiger,464439-476054,1,1,1,0,1,meow
new-old,464439-476054,0,1,1,1,1,testaments
oak-tree,464439-476054,0,1,1,1,1,wood
olive-real,464439-476054,0,1,2,0,0,cocktail
regret-rude,464439-476054,1,1,1,0,1,mean
sit-stand,464439-476054,0,2,2,2,0,desk
stern-wind,464439-476054,0,1,2,0,0,sailing
trauma-weird,464439-476054,0,1,1,1,0,therapy
ankle-travel,465668-490018,1,1,1,0,0,basketball
army-drum,465668-490018,0,1,1,1,1,march
ash-snake,465668-490018,0,1,1,1,0,hissing
bet-dream,465668-490018,0,1,1,1,0,gamble
birth-hand,465668-490018,1,1,2,0,0,Sistine
bone-garage,465668-490018,2,0,1,0,0,mechanic
boot-crust,465668-490018,1,1,2,0,0,sole
bowl-sun,465668-490018,0,1,1,1,0,reflection
cage-glass,465668-490018,1,1,1,0,1,exhibit
candle-wick,465668-490018,2,0,1,0,1,burn
cave-knight,465668-490018,0,1,1,3,1,protection
chair-table,465668-490018,2,0,1,0,1,dining
chapel-feet,465668-490018,0,1,1,2,0,holy
east-short,465668-490018,0,1,2,0,0,navigation
elm-rock,465668-490018,1,1,2,1,0,stone
giant-subtle,465668-490018,2,0,1,0,0,gentle
glow-quick,465668-490018,1,1,2,0,1,flash
gold-silver,465668-490018,1,1,1,0,1,metals
gums-teeth,465668-490018,0,1,2,0,1,mouth
happy-sad,465668-490018,1,1,1,0,1,emotions
holy-kind,465668-490018,1,1,1,0,1,saint
jump-leap,465668-490018,0,1,1,1,0,movement
lion-tiger,465668-490018,1,1,1,0,1,cats
new-old,465668-490018,0,1,2,0,0,opposites
oak-tree,465668-490018,0,1,1,1,1,wood
olive-real,465668-490018,0,1,2,0,0,natural
regret-rude,465668-490018,0,1,2,1,0,arrogant
sit-stand,465668-490018,0,2,2,0,1,postures
stern-wind,465668-490018,2,0,1,0,1,sailboat
trauma-weird,465668-490018,1,1,1,0,0,uncomfortable
ankle-travel,466145-475071,0,1,1,1,0,injury
army-drum,466145-475071,0,1,1,1,0,military
ash-snake,466145-475071,0,1,1,1,0,poison
bet-dream,466145-475071,2,0,1,0,0,risk
birth-hand,466145-475071,2,0,1,0,0,delivery
bone-garage,466145-475071,0,1,2,0,0,car
boot-crust,466145-475071,1,1,1,0,0,shoe
bowl-sun,466145-475071,2,0,1,0,0,warm
cage-glass,466145-475071,2,0,1,0,0,greenhouse
candle-wick,466145-475071,1,1,1,0,1,scented
cave-knight,466145-475071,2,0,1,0,0,shield
chair-table,466145-475071,2,0,1,0,1,furniture
chapel-feet,466145-475071,1,1,1,0,0,church
east-short,466145-475071,1,1,1,0,0,travel
elm-rock,466145-475071,2,0,1,0,0,tree
giant-subtle,466145-475071,2,0,1,0,0,lowkey
glow-quick,466145-475071,1,1,1,0,0,fast
gold-silver,466145-475071,0,1,2,0,1,metals
gums-teeth,466145-475071,1,1,1,0,1,dental
happy-sad,466145-475071,2,0,1,0,1,moods
holy-kind,466145-475071,2,0,1,0,0,bible
jump-leap,466145-475071,2,0,1,0,1,hop
lion-tiger,466145-475071,2,0,1,0,1,zoo
new-old,466145-475071,0,1,1,1,1,time
oak-tree,466145-475071,0,1,2,0,0,wood
olive-real,466145-475071,1,1,1,0,0,kalamata
regret-rude,466145-475071,0,1,1,1,1,mean
sit-stand,466145-475071,0,1,1,1,0,chair
stern-wind,466145-475071,2,0,1,0,1,sailing
trauma-weird,466145-475071,0,1,1,1,0,therapy
ankle-travel,466195-455551,0,2,2,3,0,moveable
army-drum,466195-455551,2,0,1,0,0,song
ash-snake,466195-455551,1,2,3,2,0,reptile
bet-dream,466195-455551,0,2,3,1,0,hopes
birth-hand,466195-455551,0,2,2,3,0,body part
bone-garage,466195-455551,0,2,3,1,0,hard
boot-crust,466195-455551,0,2,3,2,0,tan
bowl-sun,466195-455551,0,1,1,1,0,soup
cage-glass,466195-455551,0,2,3,1,1,clear
candle-wick,466195-455551,1,1,2,0,0,colorful
cave-knight,466195-455551,0,1,1,1,0,joust
chair-table,466195-455551,2,1,2,0,1,meals
chapel-feet,466195-455551,0,2,2,3,0,building
east-short,466195-455551,3,1,1,0,0,height
elm-rock,466195-455551,0,2,3,2,0,natural
giant-subtle,466195-455551,1,1,1,0,0,unassuming
glow-quick,466195-455551,0,1,2,0,0,speedy
gold-silver,466195-455551,0,1,1,1,1,medals
gums-teeth,466195-455551,0,2,2,1,1,oral
happy-sad,466195-455551,2,0,1,0,1,mood
holy-kind,466195-455551,0,1,2,2,0,friendly
jump-leap,466195-455551,2,0,1,0,1,bunny
lion-tiger,466195-455551,1,2,3,0,1,wild
new-old,466195-455551,0,1,1,1,0,elderly
oak-tree,466195-455551,0,1,1,1,0,subtle
olive-real,466195-455551,1,1,2,1,0,pit
regret-rude,466195-455551,0,2,2,0,1,unhappy
sit-stand,466195-455551,0,1,1,3,0,straight up
stern-wind,466195-455551,0,1,1,1,0,breeze
trauma-weird,466195-455551,0,2,2,1,0,different
ankle-travel,466351-465700,0,1,2,0,0,basketball
ash-snake,466351-465700,2,0,1,0,0,oil
bet-dream,466351-465700,1,1,1,0,0,risk
birth-hand,466351-465700,2,0,1,0,0,baby
boot-crust,466351-465700,0,1,1,1,0,feet
bowl-sun,466351-465700,0,1,2,0,0,round
cave-knight,466351-465700,2,0,1,0,0,dark
glow-quick,466351-465700,0,1,2,0,0,flash
gold-silver,466351-465700,0,1,1,1,1,rich
gums-teeth,466351-465700,1,1,1,0,1,mouth
holy-kind,466351-465700,2,0,1,0,0,priest
jump-leap,466351-465700,2,0,1,0,1,bounce
lion-tiger,466351-465700,1,1,1,0,1,cats
oak-tree,466351-465700,2,0,1,0,1,wood
regret-rude,466351-465700,2,0,1,0,1,negative
sit-stand,466351-465700,1,1,1,0,0,chair
stern-wind,466351-465700,2,0,1,0,0,harsh
ankle-travel,472844-473444,0,1,1,1,1,sandals
army-drum,472844-473444,2,0,1,0,0,march
ash-snake,472844-473444,0,1,2,0,0,dragon
bet-dream,472844-473444,1,1,1,0,0,success
birth-hand,472844-473444,0,1,2,0,0,deliver
bone-garage,472844-473444,1,1,2,0,0,skeleton
boot-crust,472844-473444,2,0,1,0,0,mud
bowl-sun,472844-473444,0,2,2,0,0,ball
cage-glass,472844-473444,1,1,1,0,0,zoo
candle-wick,472844-473444,2,0,1,0,1,burn
cave-knight,472844-473444,0,1,2,0,0,metal
chair-table,472844-473444,2,0,1,0,1,dining
chapel-feet,472844-473444,0,1,1,1,0,sole
east-short,472844-473444,0,1,1,1,0,dimension
elm-rock,472844-473444,0,1,1,1,0,leaf
giant-subtle,472844-473444,0,1,1,1,0,beanstalk
glow-quick,472844-473444,0,2,2,0,1,comet
gold-silver,472844-473444,2,0,1,0,1,bronze
gums-teeth,472844-473444,0,2,2,0,1,floss
happy-sad,472844-473444,2,0,1,0,1,mood
holy-kind,472844-473444,1,1,1,0,1,saint
jump-leap,472844-473444,0,1,1,1,1,hop
lion-tiger,472844-473444,1,1,1,0,1,cheetah
new-old,472844-473444,1,1,1,0,0,age
oak-tree,472844-473444,0,2,2,0,1,plant
olive-real,472844-473444,2,0,1,0,0,oil
regret-rude,472844-473444,0,1,1,1,1,guilt
sit-stand,472844-473444,0,1,2,0,1,squat
stern-wind,472844-473444,0,1,2,0,0,harsh
trauma-weird,472844-473444,0,1,1,1,0,psychotic
ankle-travel,472848-466189,1,1,1,0,0,walking
ash-snake,472848-466189,2,0,1,0,0,tree
bet-dream,472848-466189,2,0,1,0,1,risk
birth-hand,472848-466189,2,0,1,0,1,deliver
boot-crust,472848-466189,0,1,1,1,0,covering
bowl-sun,472848-466189,2,0,1,0,0,circular
cage-glass,472848-466189,1,1,1,0,1,enclosure
cave-knight,472848-466189,1,1,1,0,1,dark
east-short,472848-466189,0,1,1,1,0,measure
elm-rock,472848-466189,2,0,1,0,0,forest
glow-quick,472848-466189,1,1,1,0,0,lightning
gold-silver,472848-466189,1,1,1,0,1,metals
gums-teeth,472848-466189,2,0,1,0,1,mouth
holy-kind,472848-466189,0,1,1,1,1,virtues
jump-leap,472848-466189,2,0,1,0,1,hop
lion-tiger,472848-466189,0,1,1,1,1,cats
new-old,472848-466189,1,1,2,0,0,age
oak-tree,472848-466189,2,0,1,0,1,plants
regret-rude,472848-466189,1,1,1,0,0,negative
sit-stand,472848-466189,1,1,1,0,0,squatting
stern-wind,472848-466189,0,1,1,1,0,gale
ankle-travel,473115-463794,1,2,2,1,0,walker
army-drum,473115-463794,2,1,1,0,0,cymbals
ash-snake,473115-463794,1,2,2,1,0,venom
bet-dream,473115-463794,0,2,2,0,0,exchange
birth-hand,473115-463794,0,2,2,0,0,infant
bone-garage,473115-463794,1,1,2,0,0,skeleton
boot-crust,473115-463794,1,1,1,3,0,shoe
bowl-sun,473115-463794,3,1,2,2,0,soup
cage-glass,473115-463794,0,1,2,0,1,aquarium
candle-wick,473115-463794,2,0,1,0,1,wax
cave-knight,473115-463794,0,1,1,6,0,Excalibur
chair-table,473115-463794,0,2,3,1,1,furniture
chapel-feet,473115-463794,1,1,1,1,0,religion
east-short,473115-463794,0,2,2,0,0,compass
elm-rock,473115-463794,2,1,1,2,0,tree
giant-subtle,473115-463794,2,1,1,1,0,Hagrid
glow-quick,473115-463794,1,1,1,5,0,lighter
gold-silver,473115-463794,0,3,3,2,1,expensive
gums-teeth,473115-463794,3,1,1,1,1,dentist
happy-sad,473115-463794,0,1,1,3,1,emotion
holy-kind,473115-463794,1,1,2,1,1,pope
jump-leap,473115-463794,2,1,1,0,1,hop
lion-tiger,473115-463794,0,3,3,0,1,cats
new-old,473115-463794,1,1,1,2,0,elderly
oak-tree,473115-463794,2,1,2,3,1,forest
olive-real,473115-463794,1,1,2,0,0,nonfiction
regret-rude,473115-463794,0,1,1,2,1,emotion
sit-stand,473115-463794,0,1,1,3,0,verb
stern-wind,473115-463794,0,2,2,2,0,tornados
trauma-weird,473115-463794,1,1,1,4,0,scarring
ankle-travel,473130-490559,2,1,2,0,0,walk
ash-snake,473130-490559,0,2,2,0,0,desert
bet-dream,473130-490559,0,1,2,1,0,affirmation
birth-hand,473130-490559,1,1,1,1,1,deformity
boot-crust,473130-490559,0,1,1,3,0,thickness
bowl-sun,473130-490559,2,0,1,0,0,circular
cave-knight,473130-490559,0,1,1,1,1,dark
elm-rock,473130-490559,0,1,1,2,0,nature
glow-quick,473130-490559,1,1,1,0,0,star
gold-silver,473130-490559,0,2,2,0,1,treasure
gums-teeth,473130-490559,2,1,2,0,1,mouth
holy-kind,473130-490559,0,1,1,2,1,righteousness
jump-leap,473130-490559,1,1,2,0,1,hop
lion-tiger,473130-490559,2,1,2,0,1,zoo
oak-tree,473130-490559,0,1,2,2,1,trunk
regret-rude,473130-490559,0,1,1,2,1,feelings
sit-stand,473130-490559,0,1,1,1,0,action
stern-wind,473130-490559,1,1,2,0,0,boat
ankle-travel,473184-487224,2,0,1,0,0,journey
ash-snake,473184-487224,2,0,1,0,0,wild
bet-dream,473184-487224,1,1,1,0,0,lotteries
birth-hand,473184-487224,0,1,2,0,0,delivery
bowl-sun,473184-487224,0,1,1,1,0,cereal
cave-knight,473184-487224,0,1,1,1,0,Camelot
glow-quick,473184-487224,0,1,2,0,0,youthful
gold-silver,473184-487224,2,0,1,0,0,mining
gums-teeth,473184-487224,0,1,1,1,1,dental
holy-kind,473184-487224,1,1,1,0,0,miracle
jump-leap,473184-487224,1,1,1,0,1,frog
lion-tiger,473184-487224,0,1,1,1,1,felines
oak-tree,473184-487224,2,0,1,0,1,log
regret-rude,473184-487224,1,1,2,0,1,unhappy
stern-wind,473184-487224,0,1,2,0,0,front
glow-quick,473465-486010,1,1,1,0,0,sparks
ankle-travel,473468-490173,2,1,1,0,0,walking
army-drum,473468-490173,0,1,1,1,0,troops
ash-snake,473468-490173,0,1,2,0,0,(on the) ground
bet-dream,473468-490173,2,0,1,0,0,hypothetical
birth-hand,473468-490173,1,1,1,0,1,human
bone-garage,473468-490173,0,1,2,0,0,skeleton
boot-crust,473468-490173,1,1,1,0,0,shoe
bowl-sun,473468-490173,1,1,1,0,1,circular
cage-glass,473468-490173,0,1,1,1,0,delicate
candle-wick,473468-490173,1,1,1,0,1,wax
cave-knight,473468-490173,1,1,1,0,1,adventurous
chair-table,473468-490173,0,1,1,1,1,dining-room
chapel-feet,473468-490173,0,1,2,0,0,Jesus
east-short,473468-490173,1,1,1,0,0,west
elm-rock,473468-490173,2,0,1,0,0,nature
giant-subtle,473468-490173,1,1,1,0,0,understated
glow-quick,473468-490173,1,1,1,0,0,bright
gold-silver,473468-490173,0,1,2,0,1,expensive metals
gums-teeth,473468-490173,0,1,2,0,1,inside your mouth
happy-sad,473468-490173,2,0,1,0,1,emotion
holy-kind,473468-490173,0,1,1,1,0,good
jump-leap,473468-490173,1,1,1,0,1,bounce
lion-tiger,473468-490173,1,1,1,0,1,cats
new-old,473468-490173,0,1,1,1,0,geology
oak-tree,473468-490173,1,1,1,0,0,arbor
olive-real,473468-490173,0,1,1,1,0,reality
regret-rude,473468-490173,0,1,2,0,1,bad connotation
sit-stand,473468-490173,0,1,2,0,1,position
stern-wind,473468-490173,0,1,1,2,1,powerful
trauma-weird,473468-490173,1,1,1,0,0,funky
bowl-sun,473645-477476,1,1,1,0,0,circular
cave-knight,473645-477476,0,1,1,1,0,dragon
glow-quick,473645-477476,2,0,1,0,0,firefly
gold-silver,473645-477476,1,1,1,0,1,ore
oak-tree,473645-477476,2,0,1,0,1,wood
ankle-travel,473706-458155,0,2,2,0,0,transport
army-drum,473706-458155,0,1,2,0,1,assembly
ash-snake,473706-458155,0,1,2,2,0,hike
bet-dream,473706-458155,0,1,1,1,0,deal
birth-hand,473706-458155,1,1,2,2,0,OBGYN
boot-crust,473706-458155,1,1,1,0,0,shoe
bowl-sun,473706-458155,2,0,1,0,0,round
cage-glass,473706-458155,0,1,2,1,0,trapped
cave-knight,473706-458155,0,1,2,0,1,medieval
east-short,473706-458155,2,0,1,0,0,small
elm-rock,473706-458155,0,2,2,1,0,nature
giant-subtle,473706-458155,1,1,1,0,0,beanstalk
glow-quick,473706-458155,1,1,1,0,0,fireworks
gold-silver,473706-458155,0,1,1,1,1,jewelry
gums-teeth,473706-458155,0,1,1,1,1,floss
happy-sad,473706-458155,1,1,1,0,1,emotions
holy-kind,473706-458155,0,1,1,1,1,minister
jump-leap,473706-458155,0,1,1,1,0,gymnastics
lion-tiger,473706-458155,1,1,1,0,1,cat
new-old,473706-458155,0,1,1,1,1,generations
oak-tree,473706-458155,1,1,1,0,0,species
regret-rude,473706-458155,0,1,1,1,0,argument
sit-stand,473706-458155,0,1,1,2,0,opposite
stern-wind,473706-458155,0,1,1,1,1,breeze
ankle-travel,473736-473763,0,1,2,0,1,afoot
army-drum,473736-473763,1,2,2,0,1,marching
ash-snake,473736-473763,0,1,1,1,1,toxic
bet-dream,473736-473763,2,1,1,0,0,casino
birth-hand,473736-473763,2,0,1,0,0,human
bone-garage,473736-473763,0,1,1,2,1,interior
boot-crust,473736-473763,1,1,1,0,0,farm
bowl-sun,473736-473763,0,2,2,0,1,breakfast
cage-glass,473736-473763,1,1,1,0,1,gallery
candle-wick,473736-473763,2,0,1,0,1,wax
cave-knight,473736-473763,1,2,2,2,0,shining
chair-table,473736-473763,0,1,2,0,1,kitchen
chapel-feet,473736-473763,1,1,1,1,0,ritual
east-short,473736-473763,0,1,1,1,1,location
elm-rock,473736-473763,0,1,2,1,1,terrain
giant-subtle,473736-473763,1,1,1,1,0,oxymoron
glow-quick,473736-473763,1,2,2,1,0,Lamborghini
gold-silver,473736-473763,2,1,2,0,1,wealth
gums-teeth,473736-473763,1,1,1,0,1,toothbrush
happy-sad,473736-473763,1,1,1,0,1,emotion
holy-kind,473736-473763,1,1,2,0,1,Jesus
jump-leap,473736-473763,0,1,2,0,1,trampoline
lion-tiger,473736-473763,1,1,1,0,1,cat
new-old,473736-473763,2,0,1,0,1,generation
oak-tree,473736-473763,0,1,2,1,1,Minecraft
olive-real,473736-473763,2,1,2,0,0,cuisine
regret-rude,473736-473763,1,1,1,0,0,bully
sit-stand,473736-473763,0,1,1,2,1,chair
stern-wind,473736-473763,0,1,2,1,1,sailboat
trauma-weird,473736-473763,0,1,1,1,1,surreal
ankle-travel,473749-473360,1,1,1,0,0,walking
army-drum,473749-473360,1,1,1,0,1,marching
ash-snake,473749-473360,0,1,1,1,0,gang
bet-dream,473749-473360,1,1,1,0,0,hypothetical
birth-hand,473749-473360,0,1,1,1,0,baby
bone-garage,473749-473360,0,1,1,1,0,skeleton
boot-crust,473749-473360,1,1,1,0,0,foot
bowl-sun,473749-473360,0,1,2,0,0,round
cage-glass,473749-473360,0,1,1,1,0,container
candle-wick,473749-473360,2,0,1,0,1,wax
cave-knight,473749-473360,0,1,1,1,0,tale
chair-table,473749-473360,0,1,2,0,1,furniture
chapel-feet,473749-473360,1,1,1,0,0,piano
east-short,473749-473360,1,1,1,0,1,direction
elm-rock,473749-473360,1,1,1,0,0,nature
giant-subtle,473749-473360,0,1,1,1,0,unexpected
glow-quick,473749-473360,0,1,1,1,0,descriptors
gold-silver,473749-473360,2,0,1,0,1,elements
gums-teeth,473749-473360,1,1,1,0,1,mouth
happy-sad,473749-473360,1,1,1,0,1,emotions
holy-kind,473749-473360,0,1,1,1,0,spiritual
jump-leap,473749-473360,2,0,1,0,1,frog
lion-tiger,473749-473360,2,0,1,0,1,cat
new-old,473749-473360,0,1,2,0,1,time
oak-tree,473749-473360,0,1,1,1,1,wood
olive-real,473749-473360,2,0,1,0,1,organic
regret-rude,473749-473360,1,1,1,0,1,negative
sit-stand,473749-473360,1,1,1,0,1,actions
stern-wind,473749-473360,0,1,2,0,0,boat
trauma-weird,473749-473360,0,1,1,1,0,unexpected
ankle-travel,474297-455411,1,1,1,0,0,boots
ash-snake,474297-455411,1,1,1,0,0,venom
bet-dream,474297-455411,0,1,1,1,0,gamble
birth-hand,474297-455411,0,1,2,0,0,baby
boot-crust,474297-455411,1,1,1,0,0,shoeshine
bowl-sun,474297-455411,0,1,2,0,1,round
cage-glass,474297-455411,1,1,1,0,0,enclosure
cave-knight,474297-455411,1,1,2,0,0,dark
elm-rock,474297-455411,0,1,1,1,0,nature
glow-quick,474297-455411,1,1,1,0,1,firefly
gold-silver,474297-455411,0,1,1,1,1,jewels
gums-teeth,474297-455411,1,1,1,0,1,dentist
holy-kind,474297-455411,2,0,1,0,1,Jesus
jump-leap,474297-455411,0,1,2,0,1,vertical
lion-tiger,474297-455411,2,0,1,0,1,cat
new-old,474297-455411,1,1,1,0,0,aging
oak-tree,474297-455411,0,1,1,1,0,typology
regret-rude,474297-455411,0,1,1,1,1,apologize (you'redoinggreatbtw)
sit-stand,474297-455411,1,1,1,0,1,get-up
stern-wind,474297-455411,1,1,1,0,0,ship
ankle-travel,474298-475599,0,1,2,0,0,basketball
army-drum,474298-475599,0,1,2,0,0,military
ash-snake,474298-475599,0,1,1,1,0,grey
bet-dream,474298-475599,2,0,1,0,0,lottery
birth-hand,474298-475599,1,1,1,0,0,baby
bone-garage,474298-475599,1,1,1,0,0,marrow
boot-crust,474298-475599,1,1,1,0,0,shoe
bowl-sun,474298-475599,0,1,1,1,0,round
cage-glass,474298-475599,0,1,2,0,0,tank
candle-wick,474298-475599,0,1,1,2,0,aroma
cave-knight,474298-475599,0,1,2,0,1,silver
chair-table,474298-475599,0,2,2,0,1,dining
chapel-feet,474298-475599,0,1,1,5,0,church
east-short,474298-475599,1,1,2,0,0,Illinois
elm-rock,474298-475599,2,1,1,0,0,woods
giant-subtle,474298-475599,0,1,2,0,0,gentle
glow-quick,474298-475599,2,0,1,0,0,flicker
gold-silver,474298-475599,0,1,2,1,1,ores
gums-teeth,474298-475599,1,1,1,0,0,gingivitis
happy-sad,474298-475599,2,0,1,0,1,emotions
holy-kind,474298-475599,3,0,1,0,1,Christian
jump-leap,474298-475599,0,1,1,1,1,hop
lion-tiger,474298-475599,0,1,1,2,0,parents
new-old,474298-475599,0,1,1,3,0,opposites
oak-tree,474298-475599,0,1,1,2,0,chop
olive-real,474298-475599,1,1,2,0,1,fresh
regret-rude,474298-475599,1,1,1,0,1,apologize
sit-stand,474298-475599,1,1,1,0,0,chair
stern-wind,474298-475599,0,1,2,0,0,blizzard
trauma-weird,474298-475599,1,1,1,0,0,strange
ankle-travel,475267-490546,1,1,1,0,0,afoot
army-drum,475267-490546,1,2,3,0,1,marching
ash-snake,475267-490546,1,1,1,4,0,slither
bet-dream,475267-490546,0,1,1,2,0,foresee
birth-hand,475267-490546,1,1,1,0,0,OBGYN
bone-garage,475267-490546,1,1,2,0,0,car
boot-crust,475267-490546,1,1,1,0,0,pizza
bowl-sun,475267-490546,0,2,3,1,0,star
cage-glass,475267-490546,4,0,1,0,0,zoo
candle-wick,475267-490546,1,1,2,0,1,wax
cave-knight,475267-490546,1,1,1,0,1,dark
chair-table,475267-490546,2,0,1,0,1,dinner
chapel-feet,475267-490546,2,1,2,0,0,prayer
east-short,475267-490546,0,1,1,3,0,Asian
elm-rock,475267-490546,1,1,2,1,0,music
giant-subtle,475267-490546,0,1,2,0,0,hint
glow-quick,475267-490546,2,1,2,2,0,candle
gold-silver,475267-490546,0,1,2,1,1,coins
gums-teeth,475267-490546,1,1,1,0,1,dentist
happy-sad,475267-490546,0,1,1,1,1,emotion
holy-kind,475267-490546,1,1,1,1,1,Jesus
jump-leap,475267-490546,1,1,1,0,1,hop
lion-tiger,475267-490546,2,0,1,0,1,feline
new-old,475267-490546,0,1,2,0,1,age
oak-tree,475267-490546,0,1,2,1,1,maple
olive-real,475267-490546,1,1,2,0,0,green
regret-rude,475267-490546,2,1,1,1,1,mean
sit-stand,475267-490546,3,0,1,0,0,squat
stern-wind,475267-490546,1,1,1,0,0,severe
trauma-weird,475267-490546,0,1,2,0,0,queasy
ankle-travel,475561-473741,0,1,1,1,0,walk
ash-snake,475561-473741,0,1,1,1,0,fire
bet-dream,475561-473741,0,1,2,0,0,desire
birth-hand,475561-473741,2,0,1,0,0,labor
boot-crust,475561-473741,1,1,1,0,1,dirty
bowl-sun,475561-473741,1,1,1,0,1,round
cage-glass,475561-473741,0,1,1,1,0,container
cave-knight,475561-473741,0,1,1,1,0,medieval
east-short,475561-473741,3,0,1,0,0,distance
elm-rock,475561-473741,1,1,1,0,0,woods
glow-quick,475561-473741,1,1,1,0,0,lightning
gold-silver,475561-473741,2,0,1,0,0,elements
gums-teeth,475561-473741,1,1,1,0,1,mouth
holy-kind,475561-473741,0,1,2,0,1,church
jump-leap,475561-473741,1,1,1,0,1,soar
lion-tiger,475561-473741,1,1,1,0,0,zoo
new-old,475561-473741,1,1,1,0,1,age
oak-tree,475561-473741,1,1,1,0,0,wood
regret-rude,475561-473741,2,0,1,0,1,grievances
sit-stand,475561-473741,0,1,1,1,1,position
stern-wind,475561-473741,1,1,1,0,0,harsh
ankle-travel,475635-488152,0,1,1,1,1,sandals
army-drum,475635-488152,1,1,1,0,0,loud
ash-snake,475635-488152,0,1,1,1,0,Voldemort
bet-dream,475635-488152,1,1,1,0,0,challenge
birth-hand,475635-488152,0,1,2,0,0,newborn
boot-crust,475635-488152,0,1,1,1,0,hiking
bowl-sun,475635-488152,2,0,1,0,0,breakfast
cage-glass,475635-488152,1,1,1,0,0,birdfeeder
candle-wick,475635-488152,0,1,1,1,0,Yankee
cave-knight,475635-488152,1,1,1,1,0,dark
east-short,475635-488152,0,1,2,0,0,compass
elm-rock,475635-488152,2,0,1,0,0,forest
giant-subtle,475635-488152,2,0,1,0,0,sizes
glow-quick,475635-488152,0,1,1,1,0,fireflies
gold-silver,475635-488152,2,0,1,0,1,jewelry
gums-teeth,475635-488152,1,1,1,0,1,dentist
happy-sad,475635-488152,1,1,1,0,1,emotions
holy-kind,475635-488152,1,1,1,0,1,angels
jump-leap,475635-488152,0,1,1,1,1,hop
lion-tiger,475635-488152,2,0,1,0,1,roar
new-old,475635-488152,0,1,1,1,0,thrifting
oak-tree,475635-488152,0,1,2,0,1,wood
olive-real,475635-488152,0,1,2,0,0,martini
regret-rude,475635-488152,0,1,1,3,0,Karen's
sit-stand,475635-488152,1,1,1,0,0,antonyms
stern-wind,475635-488152,0,1,1,1,0,cold
ankle-travel,475843-472942,0,1,2,0,0,Melissa
army-drum,475843-472942,0,1,1,1,0,navy
ash-snake,475843-472942,0,1,2,0,0,venomous
bet-dream,475843-472942,1,1,1,0,0,casino
birth-hand,475843-472942,1,1,1,0,0,mother
bone-garage,475843-472942,1,1,1,0,0,rubbish
boot-crust,475843-472942,1,1,1,0,0,foot
bowl-sun,475843-472942,0,1,1,1,0,weed
cage-glass,475843-472942,0,1,1,1,1,exhibit
candle-wick,475843-472942,0,1,1,1,1,taper
cave-knight,475843-472942,1,1,1,0,0,home
chair-table,475843-472942,2,0,1,0,1,dining room
chapel-feet,475843-472942,0,1,2,0,0,religion
east-short,475843-472942,1,1,1,0,0,direction
elm-rock,475843-472942,0,1,2,0,0,geologists
giant-subtle,475843-472942,0,1,2,0,0,big
glow-quick,475843-472942,2,0,1,0,1,qg
gold-silver,475843-472942,0,1,2,0,0,earnings
gums-teeth,475843-472942,2,0,1,0,1,gingivitis
happy-sad,475843-472942,1,1,1,0,1,emotional
holy-kind,475843-472942,2,0,1,0,1,church
jump-leap,475843-472942,0,1,1,1,1,gymnastics
lion-tiger,475843-472942,0,1,1,1,1,animals
new-old,475843-472942,0,1,1,1,0,age
oak-tree,475843-472942,1,1,1,0,1,forest
olive-real,475843-472942,2,0,1,0,0,oil
regret-rude,475843-472942,2,0,1,0,0,impolite
sit-stand,475843-472942,1,1,1,0,0,chair
stern-wind,475843-472942,1,1,1,0,0,tornado
trauma-weird,475843-472942,1,1,1,0,0,PTSD
ankle-travel,475881-473301,0,1,1,1,0,basketball
ash-snake,475881-473301,0,1,2,0,0,hiss
bet-dream,475881-473301,0,1,1,1,0,chance
birth-hand,475881-473301,0,1,2,0,0,body
boot-crust,475881-473301,1,1,1,0,0,crunch
bowl-sun,475881-473301,2,0,1,0,1,round
cave-knight,475881-473301,0,1,1,1,0,medieval
glow-quick,475881-473301,0,1,1,1,0,light
gold-silver,475881-473301,0,1,2,0,1,metals
gums-teeth,475881-473301,0,1,1,1,1,dentist
holy-kind,475881-473301,0,1,1,1,0,qualities
jump-leap,475881-473301,0,1,2,0,1,hop
lion-tiger,475881-473301,0,1,1,1,0,roar
oak-tree,475881-473301,0,1,2,0,1,roots
regret-rude,475881-473301,0,1,1,1,1,horrible
sit-stand,475881-473301,0,1,2,0,0,chair
stern-wind,475881-473301,0,1,1,1,0,boat
ankle-travel,485894-457849,1,1,1,0,0,walk
army-drum,485894-457849,0,1,2,0,0,march
ash-snake,485894-457849,0,1,2,0,0,poisonous
bet-dream,485894-457849,2,0,1,0,0,aspiration
birth-hand,485894-457849,0,1,2,0,0,labor
bone-garage,485894-457849,0,1,1,1,0,storage
boot-crust,485894-457849,1,1,1,0,0,sole
bowl-sun,485894-457849,0,1,1,1,1,circular
cage-glass,485894-457849,1,1,1,1,0,enclosed
candle-wick,485894-457849,2,0,1,0,1,flame
cave-knight,485894-457849,0,1,1,1,1,dark
chair-table,485894-457849,1,1,1,0,1,sit
chapel-feet,485894-457849,1,1,1,0,0,church
east-short,485894-457849,0,1,2,0,0,travel
elm-rock,485894-457849,0,1,2,2,0,tree
giant-subtle,485894-457849,0,1,2,0,0,lies
glow-quick,485894-457849,0,1,1,1,0,light
gold-silver,485894-457849,1,1,1,0,1,medal
gums-teeth,485894-457849,0,1,2,0,1,mouth
happy-sad,485894-457849,0,1,1,1,1,emotion
holy-kind,485894-457849,1,1,1,0,1,god
jump-leap,485894-457849,1,1,1,0,1,hop
lion-tiger,485894-457849,2,1,1,0,1,jaguar
new-old,485894-457849,2,0,1,0,1,young
oak-tree,485894-457849,2,0,1,0,1,wood
olive-real,485894-457849,0,1,1,1,0,genuine
regret-rude,485894-457849,0,1,1,1,0,insulting
sit-stand,485894-457849,2,0,1,0,1,still
stern-wind,485894-457849,2,0,1,0,0,sail
trauma-weird,485894-457849,0,1,1,1,0,therapy
glow-quick,485903-475628,0,1,1,2,0,highlight
ankle-travel,486041-457632,4,0,1,0,0,walking
army-drum,486041-457632,1,1,2,0,1,marching
ash-snake,486041-457632,2,1,2,0,0,hiss
bet-dream,486041-457632,0,1,2,1,0,entrepreneur
birth-hand,486041-457632,2,0,1,0,0,human
bone-garage,486041-457632,0,2,3,1,0,dog
boot-crust,486041-457632,1,1,2,0,0,dirty
bowl-sun,486041-457632,1,1,2,0,0,spherical
cage-glass,486041-457632,0,1,1,1,0,aquarium
candle-wick,486041-457632,2,1,2,0,1,wax
cave-knight,486041-457632,2,0,1,0,0,dragon
chair-table,486041-457632,2,1,1,0,1,dine
chapel-feet,486041-457632,0,2,2,1,0,worship
east-short,486041-457632,1,1,1,0,0,length
elm-rock,486041-457632,0,2,2,0,0,nature
giant-subtle,486041-457632,0,1,1,1,0,gentle
glow-quick,486041-457632,1,1,2,0,0,glowbug
gold-silver,486041-457632,4,0,1,0,1,metals
gums-teeth,486041-457632,3,1,1,0,1,mouth
happy-sad,486041-457632,1,1,1,0,1,emotions
holy-kind,486041-457632,0,1,1,1,1,Jesus
jump-leap,486041-457632,2,0,1,0,1,hop
lion-tiger,486041-457632,1,1,1,0,1,cats
new-old,486041-457632,2,0,1,0,1,time
oak-tree,486041-457632,0,1,2,0,1,wood
olive-real,486041-457632,1,1,1,1,0,oil
regret-rude,486041-457632,1,1,1,0,1,mean
sit-stand,486041-457632,1,1,1,1,1,position
stern-wind,486041-457632,1,1,1,0,0,tornado
trauma-weird,486041-457632,2,1,1,1,0,therapy
ankle-travel,486051-473300,0,1,2,0,0,hike
army-drum,486051-473300,2,0,1,0,1,marching
ash-snake,486051-473300,2,0,1,0,1,desert
bet-dream,486051-473300,2,0,1,0,0,challenge
birth-hand,486051-473300,1,1,1,0,0,Atwood
bone-garage,486051-473300,2,0,1,0,0,skeleton
boot-crust,486051-473300,1,1,1,0,0,Italy
bowl-sun,486051-473300,0,1,1,1,1,round
cage-glass,486051-473300,0,1,1,1,1,container
candle-wick,486051-473300,0,1,2,0,1,wax
cave-knight,486051-473300,0,1,2,0,0,dark
chair-table,486051-473300,2,0,1,0,1,furniture
chapel-feet,486051-473300,0,1,1,1,0,worship
east-short,486051-473300,0,1,1,1,0,coast
elm-rock,486051-473300,2,0,1,0,0,forest
giant-subtle,486051-473300,2,0,1,0,0,gentle
glow-quick,486051-473300,0,1,1,1,0,spark
gold-silver,486051-473300,0,1,1,2,1,metal
gums-teeth,486051-473300,1,1,1,0,1,mouth
happy-sad,486051-473300,0,1,2,0,1,moods
holy-kind,486051-473300,1,1,1,0,0,religious
jump-leap,486051-473300,2,0,1,0,1,hop
lion-tiger,486051-473300,1,1,1,0,1,cats
new-old,486051-473300,2,0,1,0,0,age
oak-tree,486051-473300,2,0,1,0,1,wood
olive-real,486051-473300,2,0,1,0,0,oil
regret-rude,486051-473300,0,1,1,1,1,behavior
sit-stand,486051-473300,0,1,1,1,0,legs
stern-wind,486051-473300,2,0,1,0,0,sail
trauma-weird,486051-473300,0,1,1,1,0,uncomfortable
ankle-travel,486052-490835,0,1,1,1,0,movement
army-drum,486052-490835,0,1,1,1,0,formation
ash-snake,486052-490835,2,0,1,0,0,slither
bet-dream,486052-490835,1,1,1,0,0,gamble
birth-hand,486052-490835,1,1,1,0,0,baby
bone-garage,486052-490835,0,1,1,1,0,broken
boot-crust,486052-490835,0,1,2,0,0,dirt
bowl-sun,486052-490835,1,1,1,0,0,round
cage-glass,486052-490835,0,1,1,1,0,mime
candle-wick,486052-490835,1,1,1,0,1,flame
cave-knight,486052-490835,0,1,1,1,0,medieval
chair-table,486052-490835,2,0,1,0,1,furniture
chapel-feet,486052-490835,0,1,2,0,0,arch
east-short,486052-490835,1,1,1,0,1,distance
elm-rock,486052-490835,1,1,1,0,0,nature
giant-subtle,486052-490835,1,1,1,0,0,huge
glow-quick,486052-490835,1,1,1,0,0,bright
gold-silver,486052-490835,0,1,1,1,0,shine
gums-teeth,486052-490835,1,1,1,0,1,mouth
happy-sad,486052-490835,0,1,2,0,1,emotion
holy-kind,486052-490835,2,0,1,0,1,saint
jump-leap,486052-490835,1,1,1,0,1,up
lion-tiger,486052-490835,1,1,1,0,1,cat
new-old,486052-490835,1,1,1,0,0,age
oak-tree,486052-490835,1,1,1,0,1,green
olive-real,486052-490835,2,0,1,0,0,green
regret-rude,486052-490835,1,1,1,0,1,bad
sit-stand,486052-490835,0,1,1,1,1,still
stern-wind,486052-490835,0,1,1,1,1,blow
trauma-weird,486052-490835,0,1,1,1,0,atypical
ankle-travel,486112-490466,1,1,1,0,0,bottom-leg
army-drum,486112-490466,1,1,1,0,1,snare
ash-snake,486112-490466,1,1,1,0,0,gray
bet-dream,486112-490466,2,0,1,0,0,money
birth-hand,486112-490466,1,1,1,0,0,baby
bone-garage,486112-490466,0,1,1,1,0,broken
boot-crust,486112-490466,0,1,2,0,0,shoe
bowl-sun,486112-490466,0,1,2,0,0,soup
cage-glass,486112-490466,0,1,1,1,0,jail
candle-wick,486112-490466,0,1,2,0,0,lantern
cave-knight,486112-490466,3,0,1,0,0,underground
chair-table,486112-490466,0,1,1,1,1,furniture-like
chapel-feet,486112-490466,1,1,1,0,0,not-hands
east-short,486112-490466,0,1,2,0,0,direction
elm-rock,486112-490466,0,1,1,1,0,pebble
giant-subtle,486112-490466,1,1,1,0,0,massive
glow-quick,486112-490466,1,1,2,0,0,lit
gold-silver,486112-490466,1,1,1,0,1,metal
gums-teeth,486112-490466,1,1,1,0,0,chew
happy-sad,486112-490466,1,1,1,0,1,emotions
holy-kind,486112-490466,1,1,1,0,1,nice
jump-leap,486112-490466,0,1,2,0,0,bound
lion-tiger,486112-490466,0,1,1,1,0,animals
new-old,486112-490466,1,1,1,0,0,age
oak-tree,486112-490466,1,1,1,0,0,grove
olive-real,486112-490466,0,1,2,0,0,existent
regret-rude,486112-490466,0,1,1,1,0,remember
sit-stand,486112-490466,1,1,1,0,0,not-similar
stern-wind,486112-490466,1,1,1,0,0,sailing
trauma-weird,486112-490466,0,1,1,1,0,stress
ankle-travel,486514-466626,0,1,1,1,1,foot
army-drum,486514-466626,0,1,1,2,1,suspense
ash-snake,486514-466626,1,2,2,0,0,skin
bet-dream,486514-466626,2,0,1,0,0,gamble
birth-hand,486514-466626,2,0,1,0,0,deliver
bone-garage,486514-466626,1,1,2,0,0,graveyard
boot-crust,486514-466626,0,2,2,0,0,footprint
bowl-sun,486514-466626,3,1,1,1,0,microwave
cage-glass,486514-466626,1,1,1,0,1,fish tank
candle-wick,486514-466626,2,1,1,0,0,melt
cave-knight,486514-466626,2,0,1,0,0,man
chair-table,486514-466626,0,1,2,0,1,desk
chapel-feet,486514-466626,2,2,2,2,0,holy
east-short,486514-466626,0,1,1,1,0,sunrise
elm-rock,486514-466626,2,0,1,0,0,forest
giant-subtle,486514-466626,0,1,2,0,0,obvious
glow-quick,486514-466626,0,1,2,0,0,lightning
gold-silver,486514-466626,1,1,1,0,1,rich
gums-teeth,486514-466626,1,1,1,0,0,dentures
happy-sad,486514-466626,1,1,1,0,1,emotion
holy-kind,486514-466626,2,0,1,0,0,Jesus
jump-leap,486514-466626,2,0,1,0,1,hop
lion-tiger,486514-466626,1,1,1,1,1,roar
new-old,486514-466626,1,1,1,0,0,age
oak-tree,486514-466626,1,1,1,0,1,wood
olive-real,486514-466626,1,1,1,0,0,oil
regret-rude,486514-466626,2,0,1,0,1,disrespect
sit-stand,486514-466626,0,1,1,1,1,stool
stern-wind,486514-466626,0,1,1,1,0,gust
trauma-weird,486514-466626,0,1,1,1,0,hallucination
ankle-travel,487223-477222,0,1,2,0,0,basketball
ash-snake,487223-477222,0,1,1,1,0,nasty
bet-dream,487223-477222,2,0,1,0,0,possibilities
birth-hand,487223-477222,1,1,1,0,0,newborn
bowl-sun,487223-477222,0,1,2,0,0,spherical
cave-knight,487223-477222,0,1,2,0,1,dungeon
glow-quick,487223-477222,0,1,1,1,0,lightbulb
gold-silver,487223-477222,1,1,1,0,0,ores
gums-teeth,487223-477222,1,1,1,0,1,mouth
holy-kind,487223-477222,0,2,2,0,1,pastor
jump-leap,487223-477222,0,1,2,0,1,pounce
lion-tiger,487223-477222,0,1,1,1,1,cats
oak-tree,487223-477222,0,1,2,0,1,wood
regret-rude,487223-477222,0,1,1,2,1,hatred
sit-stand,487223-477222,1,1,1,0,0,anthem
stern-wind,487223-477222,1,1,1,0,1,sailboat
ankle-travel,487409-487333,1,1,1,0,0,basketball
army-drum,487409-487333,0,1,2,0,0,instrument
ash-snake,487409-487333,2,0,1,0,0,embers
bet-dream,487409-487333,1,1,1,0,0,gamble
birth-hand,487409-487333,0,1,2,0,0,newborn
bone-garage,487409-487333,0,1,2,0,0,skeleton
boot-crust,487409-487333,1,1,1,0,0,pie
bowl-sun,487409-487333,0,1,1,1,0,soup
cage-glass,487409-487333,0,1,1,1,0,window
candle-wick,487409-487333,2,0,1,0,0,cake
cave-knight,487409-487333,1,1,1,0,1,medieval
chair-table,487409-487333,2,0,1,0,1,dining
chapel-feet,487409-487333,2,0,1,0,0,church
east-short,487409-487333,1,1,1,0,0,direction
elm-rock,487409-487333,2,0,1,0,0,tree
giant-subtle,487409-487333,1,1,1,0,0,lowkey
glow-quick,487409-487333,1,1,1,0,0,fast
gold-silver,487409-487333,0,1,1,1,1,medal
gums-teeth,487409-487333,0,1,2,0,1,mouth
happy-sad,487409-487333,0,1,1,1,1,feelings
holy-kind,487409-487333,2,0,1,0,0,saint
jump-leap,487409-487333,0,1,2,0,1,airtime
lion-tiger,487409-487333,1,1,1,0,1,cats
new-old,487409-487333,1,1,1,0,1,time
oak-tree,487409-487333,1,1,1,0,1,leaves
olive-real,487409-487333,1,1,1,0,0,legit
regret-rude,487409-487333,0,1,1,1,1,negative
sit-stand,487409-487333,0,1,1,1,0,chair
stern-wind,487409-487333,2,0,1,0,1,sailboat
trauma-weird,487409-487333,2,0,1,0,1,strange
ankle-travel,487468-490008,0,1,2,0,0,basketball
army-drum,487468-490008,0,1,1,1,1,soldierboy
ash-snake,487468-490008,0,1,2,0,0,Slytherin
bet-dream,487468-490008,0,1,1,1,0,intuition
birth-hand,487468-490008,2,0,1,0,0,pregnancy
boot-crust,487468-490008,2,0,1,0,1,dirty
bowl-sun,487468-490008,0,1,1,1,0,cereal
cage-glass,487468-490008,0,1,1,1,0,jail
candle-wick,487468-490008,0,1,1,1,1,wax
cave-knight,487468-490008,0,1,2,0,1,dungeon
chair-table,487468-490008,1,1,1,0,1,furniture
chapel-feet,487468-490008,0,1,1,1,0,baptize
east-short,487468-490008,0,1,1,1,0,longitude
elm-rock,487468-490008,0,1,2,0,1,emerald
giant-subtle,487468-490008,1,1,1,0,1,oxymoron
glow-quick,487468-490008,0,1,1,1,0,rave
gold-silver,487468-490008,1,1,1,0,1,jewelry
gums-teeth,487468-490008,2,0,1,0,1,dentist
happy-sad,487468-490008,1,1,1,0,1,emotions
holy-kind,487468-490008,2,0,1,0,1,Jesus
jump-leap,487468-490008,0,1,1,1,1,jump rope
lion-tiger,487468-490008,0,1,2,0,0,Lion King
new-old,487468-490008,0,1,1,1,1,opposites
oak-tree,487468-490008,2,0,1,0,1,leaves
olive-real,487468-490008,1,1,1,0,0,alcohol
regret-rude,487468-490008,0,1,2,0,0,bully
sit-stand,487468-490008,1,1,1,0,0,chair
stern-wind,487468-490008,0,1,1,1,0,shelter
trauma-weird,487468-490008,1,1,1,0,1,PTSD
ankle-travel,488171-466122,1,1,1,0,1,foot
army-drum,488171-466122,1,1,1,0,1,marching
ash-snake,488171-466122,0,1,1,1,0,campfire
bet-dream,488171-466122,1,1,1,0,0,goal
birth-hand,488171-466122,0,1,1,1,0,baby
bone-garage,488171-466122,0,1,1,1,0,parked
boot-crust,488171-466122,2,0,1,0,0,shoe
bowl-sun,488171-466122,1,1,1,0,0,circular
cage-glass,488171-466122,0,1,1,1,1,zoo
candle-wick,488171-466122,0,1,2,0,1,wax
cave-knight,488171-466122,2,0,1,0,0,dark
chair-table,488171-466122,1,1,1,0,1,furniture
chapel-feet,488171-466122,0,1,1,1,0,pray
east-short,488171-466122,0,1,1,1,0,direction
elm-rock,488171-466122,1,1,2,0,0,hard
giant-subtle,488171-466122,0,1,1,1,0,huge
glow-quick,488171-466122,3,0,1,0,0,speed
gold-silver,488171-466122,2,0,1,0,1,elements
gums-teeth,488171-466122,1,1,1,0,1,mouth
happy-sad,488171-466122,1,1,1,0,1,emotions
holy-kind,488171-466122,1,1,1,0,0,religious
jump-leap,488171-466122,0,1,2,0,0,air
lion-tiger,488171-466122,2,0,1,0,1,cat
new-old,488171-466122,2,0,1,0,0,conditions
oak-tree,488171-466122,1,1,1,0,1,plant
olive-real,488171-466122,1,1,1,0,0,food
regret-rude,488171-466122,1,1,2,0,1,upset
sit-stand,488171-466122,1,1,1,0,1,positions
stern-wind,488171-466122,1,1,1,0,1,strong
trauma-weird,488171-466122,0,1,1,1,0,sad
ankle-travel,490556-458799,0,2,2,0,1,boots
army-drum,490556-458799,1,1,2,1,1,marching
ash-snake,490556-458799,0,1,1,3,0,lava
bet-dream,490556-458799,0,2,2,1,1,uncertain
birth-hand,490556-458799,1,1,1,1,0,baby
boot-crust,490556-458799,0,1,1,1,0,container
bowl-sun,490556-458799,0,1,2,0,0,round
cage-glass,490556-458799,1,1,1,0,0,aquarium
candle-wick,490556-458799,1,1,2,0,0,flame
cave-knight,490556-458799,2,1,1,0,0,iron
east-short,490556-458799,0,1,1,2,0,direction
elm-rock,490556-458799,1,2,2,1,0,hike
giant-subtle,490556-458799,1,1,2,1,0,opposite
glow-quick,490556-458799,2,0,1,0,1,spark
gold-silver,490556-458799,0,1,2,1,1,jewelry
gums-teeth,490556-458799,1,2,2,0,1,mouth
happy-sad,490556-458799,1,1,1,0,1,emotions
holy-kind,490556-458799,3,2,2,0,1,priest
jump-leap,490556-458799,0,1,1,2,1,ballet
lion-tiger,490556-458799,0,1,2,1,1,cats
new-old,490556-458799,0,1,2,0,0,time
oak-tree,490556-458799,3,0,1,0,0,forest
olive-real,490556-458799,2,0,1,0,0,organic
regret-rude,490556-458799,2,1,2,0,1,bad
sit-stand,490556-458799,1,1,1,1,1,posture
stern-wind,490556-458799,1,1,1,1,1,sail
trauma-weird,490556-458799,1,1,1,0,0,twisted
ankle-travel,490576-485731,0,2,2,0,0,walk
army-drum,490576-485731,1,1,2,0,0,anthem
ash-snake,490576-485731,0,1,1,1,0,desert
bet-dream,490576-485731,1,1,1,0,0,unrealizable
birth-hand,490576-485731,0,1,1,1,0,baby
bone-garage,490576-485731,0,1,1,2,0,tools
boot-crust,490576-485731,0,1,1,1,0,leather
bowl-sun,490576-485731,0,1,1,1,0,round
cage-glass,490576-485731,1,1,1,0,0,menagerie
candle-wick,490576-485731,2,0,1,0,0,cake
cave-knight,490576-485731,1,1,2,0,1,dark
chair-table,490576-485731,1,1,1,0,1,furniture
chapel-feet,490576-485731,1,1,1,0,0,pray
east-short,490576-485731,2,0,1,0,0,arrow
elm-rock,490576-485731,1,1,1,0,0,mountain
giant-subtle,490576-485731,0,1,2,0,0,size
glow-quick,490576-485731,1,1,1,0,0,meteor
gold-silver,490576-485731,1,1,1,1,1,jewelry
gums-teeth,490576-485731,1,1,2,0,1,chew
happy-sad,490576-485731,0,1,2,0,1,emotion
holy-kind,490576-485731,2,2,2,0,1,saint
jump-leap,490576-485731,1,1,2,0,1,hop
lion-tiger,490576-485731,1,1,2,0,1,cat
new-old,490576-485731,2,0,1,0,1,age
oak-tree,490576-485731,1,1,1,0,0,wood
olive-real,490576-485731,0,1,1,2,0,seed
regret-rude,490576-485731,0,1,1,1,0,apology
sit-stand,490576-485731,1,1,1,0,1,chair
stern-wind,490576-485731,0,1,1,1,0,intolerable
trauma-weird,490576-485731,0,1,1,2,0,haunting
ankle-travel,490603-458355,2,0,1,0,0,walking
army-drum,490603-458355,1,1,1,0,0,military
ash-snake,490603-458355,2,0,1,0,0,burn
bet-dream,490603-458355,1,1,1,0,0,gamble
birth-hand,490603-458355,1,1,1,0,0,baby
boot-crust,490603-458355,2,0,1,0,0,shoe
bowl-sun,490603-458355,0,1,1,1,0,weather
cage-glass,490603-458355,2,0,1,0,1,aquarium
cave-knight,490603-458355,0,2,2,0,0,castle
east-short,490603-458355,1,1,1,0,0,small
elm-rock,490603-458355,1,1,1,0,0,forest
glow-quick,490603-458355,0,1,1,1,0,lightning
gold-silver,490603-458355,3,0,1,0,1,metal
gums-teeth,490603-458355,1,1,1,0,1,mouth
happy-sad,490603-458355,2,0,1,0,1,emotions
holy-kind,490603-458355,1,1,1,1,0,faithful
jump-leap,490603-458355,0,1,2,0,1,hop
lion-tiger,490603-458355,0,1,2,0,1,cat
new-old,490603-458355,1,1,1,0,0,time
oak-tree,490603-458355,0,1,2,0,1,plants
regret-rude,490603-458355,1,1,1,0,1,mean
sit-stand,490603-458355,0,1,1,1,1,positions
stern-wind,490603-458355,3,0,1,0,0,sailboat
ankle-travel,490624-466707,0,1,1,1,0,sightseeing
army-drum,490624-466707,0,1,2,0,0,military
ash-snake,490624-466707,2,0,1,0,0,burn
bet-dream,490624-466707,1,1,2,0,0,casino
birth-hand,490624-466707,2,0,1,0,0,newborn
bone-garage,490624-466707,1,1,1,0,0,car
boot-crust,490624-466707,0,1,1,1,0,shoe
bowl-sun,490624-466707,2,0,1,0,0,circle
cage-glass,490624-466707,1,1,1,0,1,enclosure
candle-wick,490624-466707,0,1,1,1,1,light
cave-knight,490624-466707,0,1,2,0,0,dark
chair-table,490624-466707,1,1,1,0,0,dining
chapel-feet,490624-466707,0,1,1,1,0,church
east-short,490624-466707,1,1,1,0,0,directions
elm-rock,490624-466707,1,1,1,0,0,stones
giant-subtle,490624-466707,0,1,1,1,0,big
glow-quick,490624-466707,0,1,1,2,0,speed
gold-silver,490624-466707,0,1,1,2,0,colors
gums-teeth,490624-466707,0,1,1,1,1,mouth
happy-sad,490624-466707,1,1,1,0,1,emotions
holy-kind,490624-466707,1,1,1,1,0,spiritual
jump-leap,490624-466707,1,1,1,0,1,frog
lion-tiger,490624-466707,0,1,2,0,1,cats
new-old,490624-466707,1,1,1,0,1,opposite
oak-tree,490624-466707,0,1,2,0,0,nature
olive-real,490624-466707,0,1,2,0,0,color
regret-rude,490624-466707,1,1,1,0,0,remorse
sit-stand,490624-466707,2,0,1,0,1,actions
stern-wind,490624-466707,0,1,1,1,0,elements
trauma-weird,490624-466707,0,1,1,1,0,outcast
ankle-travel,491095-486542,1,1,1,1,0,hiking
army-drum,491095-486542,1,1,1,0,1,marching
ash-snake,491095-486542,2,1,1,0,0,dry
bet-dream,491095-486542,1,1,1,0,0,gamble
birth-hand,491095-486542,2,0,1,0,0,deliver
bone-garage,491095-486542,1,1,1,0,0,remains
boot-crust,491095-486542,1,1,2,1,1,dirty
bowl-sun,491095-486542,0,1,1,1,0,clay
cage-glass,491095-486542,1,1,1,0,1,aquarium
candle-wick,491095-486542,2,0,1,0,1,flame
cave-knight,491095-486542,1,1,1,0,1,dungeon
chair-table,491095-486542,1,1,1,0,1,desk
chapel-feet,491095-486542,1,1,1,0,0,church
east-short,491095-486542,0,1,1,1,1,Asian
elm-rock,491095-486542,1,1,1,0,0,roots
giant-subtle,491095-486542,0,1,1,1,1,cloud
glow-quick,491095-486542,0,1,1,1,0,eels
gold-silver,491095-486542,1,1,1,0,1,metal
gums-teeth,491095-486542,1,1,1,0,1,mouth
happy-sad,491095-486542,0,1,2,0,1,emotion
holy-kind,491095-486542,2,0,1,0,0,saint
jump-leap,491095-486542,0,1,1,1,1,frog
lion-tiger,491095-486542,2,0,1,0,1,feline
new-old,491095-486542,0,2,2,0,1,generations
oak-tree,491095-486542,1,2,3,0,1,bark
olive-real,491095-486542,2,1,1,0,0,non-GMO
regret-rude,491095-486542,0,1,2,0,1,bully
sit-stand,491095-486542,1,1,2,0,1,chair
stern-wind,491095-486542,2,0,1,0,1,sailing
trauma-weird,491095-486542,0,1,1,1,0,flashbacks
